{
    "camera": {
        "pitch": -0.23499999999999893,
        "radius": 5.160100000000001,
        "target": [
            0.05053081536843691,
            -0.39961320620340496,
            0.8985733383046931
        ],
        "yaw": 3.2049999999999943
    }
}